さ	394
ケータ	31
君	245
で	2131
は	3731
妖怪	837
探し	14
と	1845
参る	11
ます	1888
か	2882
うん	221
今日	199
何処	165
に	4454
行く	837
至る	3
所	230
潜む	15
て	5387
居る	1158
取り敢えず	24
外	48
出る	162
見る	743
バトル	43
つく	38
説明	13
為る	2392
よ	2368
御	1359
次	94
メンバー	8
サークル	5
を	2625
タッチ	2
回す	6
が	3325
チェンジ	2
ひい	6
さっ	6
技	6
選ぶ	19
ば	344
です	2173
モーション	2
タグ	2
テスト	27
マン	3
符	3
無茶	5
禁物	3
だ	6336
御座る	70
友達	198
の	8059
も	2359
悲しむ	6
ぞ	297
此の	938
人物	3
など	24
一切	4
関係	14
有る	813
ず	591
ウォッチ	70
本体	9
時計	27
機能	7
使用	3
設定	8
れる	435
時刻	2
変更	3
正しい	5
出来る	249
ない	1595
成る	699
可能	9
性	10
又	270
ゲーム	41
中	170
登場	2
や	267
妖術	2
物	336
危険	6
真似	2
下さる	111
んっ	95
凄い	147
イ	42
切れ	3
から	1318
い	232
うわ	40
こんな	244
捕まえる	47
た	4214
へえ	37
ボク	107
家	139
別荘	3
近く	61
森	2
其処	118
珍しい	26
昆虫	10
詰まり	10
レア	55
ね	2395
待つ	129
全部	47
オレ	296
けれど	561
な	1504
夏休み	82
自由	10
研究	18
採集	2
無い	852
け	45
えっ	182
ぁ	51
そう	696
どう	495
未だ	113
匹	56
てる	1254
女の子	44
大人しい	12
他	60
良い	963
庭	8
石	11
捲る	14
ムシ	2
集める	15
ギャ	2
ハハハ	9
ハ	17
もう	327
止める	94
為さる	66
一寸	223
言う	756
過ぎ	30
フン	11
って	811
ちゃんと	64
私	508
虫	72
くらい	89
自分	61
られる	153
ほう	11
うー	61
見せる	61
無理	51
たって	17
ぜ	203
今度	65
絶対	57
遣る	448
時	150
期待	13
困る	77
達	304
頼る	5
呉れる	578
協力	26
只今	5
天馬	2
練習	21
あっ	231
皆	123
ほら	21
順番	3
守る	37
先生	37
疲れ	9
様	509
かしら	165
はい	52
其れ	455
続ける	25
一杯	55
取る	98
クマ	65
カンチ	39
見返す	6
ううん	54
公園	75
探す	191
其の	296
前	145
母	98
さん	650
置く	106
ママ	37
伝える	29
虫捕り	21
来る	1045
気	277
付ける	75
帰り	13
遅い	30
分かる	224
昨日	14
書く	21
忘れる	127
毎日	45
後	102
思い出す	38
わ	663
とく	51
よし	43
へ	87
出発	6
良し	21
ク	10
良く	127
彼れ	54
あれ	93
木	22
調べる	57
取れる	32
ヤツ	67
見付かる	110
今	194
虫籠	2
光る	10
所為	39
学校	92
用務	2
員	10
事	673
何	1120
知る	127
話	179
聞く	273
おや	60
通う	15
自然	10
集まる	20
重る	76
山	97
なんか	48
折角	58
此れ	557
上げる	251
使う	101
易い	10
場所	96
裏	35
北	5
真っ直ぐ	6
先	75
余り	55
山奥	2
まで	191
過ぎる	66
辺り	93
寄る	5
見付ける	152
辛い	21
じっくり	4
奥	27
し	275
辺	74
さっき	75
締まる	6
こっそり	8
知れる	126
なんて	248
大きい	18
わあ	17
ナ	42
声	72
入れる	69
うう	170
此奴	35
円	25
此処	412
きゃあ	13
名前	39
ウィスパー	57
ぃ	132
溶解	5
年	23
或る	5
坊	6
空く	45
封印	13
長い	26
否	84
変	110
起こす	5
ちゃう	448
関わる	5
方	178
返る	169
程度	5
ちょい	9
バ	6
ばれる	7
最後	32
忙しい	46
フッフッフ	7
ッ	28
だけ	162
満足	13
もっと	97
面白い	68
如何	13
フフ	11
貴方	206
差し上げる	10
身	10
七	17
姿	30
見える	109
ええ	81
否々	11
たい	358
まあまあ	7
何々	11
やや	3
っ	172
反応	4
やら	83
彼方	14
怪しい	53
おっと	14
失礼	12
腕	14
胸	5
下げる	4
横	11
ボタン	4
押す	3
頂く	20
フタ	2
開く	21
レンズ	16
通す	15
コ	22
コイツ	16
若し	126
トホホ	22
気持ち	46
眠る	33
邪魔	44
仕返し	2
怒る	51
せる	161
仕舞う	145
襲う	15
そんな	223
問題	27
こそ	64
呼び出す	23
セミ	18
御覧	6
かし	2
ああ	88
変身	3
セッ	10
車	94
丸	4
申す	6
ミン	12
普段	9
何の	20
見事	13
ミーン	13
彫る	4
有り難う	174
メダル	23
おお	79
貰う	173
中々	73
センス	5
持つ	204
証し	12
直ぐ	93
飛ぶ	11
駆け付ける	2
完全	3
ゴメン	19
お主	53
相手	30
致す	14
手	79
加減	14
本気	15
出す	68
しか	58
張り切る	10
頑張る	79
アア	41
びっくり	7
行成	19
もの	24
負ける	42
食べる	173
体	32
青い	6
マズイ	4
幾ら	17
悪い	170
許す	32
此方	50
キミ	148
優しい	10
又々	8
執事	43
鼻	5
高い	22
こう	87
増える	17
沢山	37
スッキリ	9
流石	33
目	113
狂い	2
会う	58
呼ぶ	35
欲しい	150
少し	52
訳	69
信ずる	42
フツー	3
まさか	53
本当	175
暮らす	22
町	104
あんな	45
いー	19
えー	73
瓶	4
ボーイ	5
ボーノ	5
付く	45
当然	6
一	183
メェ	2
メ	4
質	5
寺	41
つう	29
役目	4
世話	22
頼む	109
別	27
助ける	47
為	75
サポート	3
必要	37
思う	231
側	8
夜	147
寝る	23
じゃん	32
気分	18
入る	137
新しい	23
楽しみ	39
大丈夫	82
偶に	39
家事	3
つ	96
手伝う	38
何時	179
ばかり	59
押し付ける	2
僕	87
仕事	70
疲れる	19
べし	12
溜まる	7
はあ	104
夫婦	6
親友	4
敵	6
複雑	2
彼の	134
居候	3
構う	6
二人	38
仲	9
部屋	36
住み着く	4
仕業	43
出番	10
ア	55
ボボジョワーン	14
ボ	14
御陰	34
用	47
ジュ	12
バーン	7
酷い	26
説得	4
難しい	23
力	144
作る	52
戦う	42
女	23
ジョワーン	5
強い	122
あー	22
つつ	2
発	11
ダメ	62
全然	38
歯	5
立つ	40
あら	107
終わり	7
ム	13
以上	27
仕方	12
作り	3
通り	58
桜	62
ニュー	56
タウン	51
ほど	48
周り	7
レーダー	2
十分	15
注意	9
是非	15
足りる	19
分	14
コンビニ	58
無し	14
大分	6
然し	42
ドンヨリーヌ	10
むむ	59
迚も	38
妖気	69
感ずる	62
可成	25
うむ	22
魚屋	17
早速	44
へい	6
いらっしゃる	38
ボウズ	5
嬢	8
ちゃん	211
最近	94
交差	6
点	20
急	57
掛ける	43
多い	50
危ない	34
たら	9
ビビッ	4
違い	19
勿論	17
集中	4
矢張り	109
物凄い	7
一味	6
違う	60
感じ	66
ニャ	212
ニャン	47
ン	36
食らう	4
奴	63
百	4
人間	133
チ	19
アンタ	11
エミ	15
む	13
カ	3
猫	7
頃	23
トラック	5
撥ねる	5
死ぬ	8
大好き	30
飼い主	2
ダサい	2
超	10
詰める	2
人	254
ヒドイ	2
ごとし	3
倒す	81
積り	24
バカ	18
御負け	4
大事	53
写真	21
彼	73
取り返す	10
あの	152
奪う	5
みたい	190
ゆっくり	13
休む	18
以外	13
覚える	16
地縛	2
霊	7
ジバニャン	23
暗い	22
怖い	71
人気	5
手強い	8
仲間	12
成長	9
早まる	2
状況	6
肉桂	5
セーブ	2
行う	8
呉々	2
テメェ	3
等	150
返す	34
ダッ	2
サイ	2
ダサ	2
ダチ	2
やあ	23
手放す	2
グ	16
ググ	2
グレ	4
疾っく	2
下	21
届ける	28
退治	22
犯す	5
罪	5
指名	7
手配	7
伯父	52
じゃ	200
リーゼント	2
伸ばす	4
追う	2
犯人	17
長年	2
あっさり	3
決める	27
本日	4
捜査	10
官	13
蔓延る	2
正義	3
心	24
燃える	7
まあ	148
見込む	3
子供	88
平和	20
掛かる	27
小	33
山羊	4
郵便	10
張り込み	2
ダサく	3
寧ろ	4
スゴイ	2
諦める	14
挑む	8
ニャー	8
応援	4
なあ	19
ねえ	23
ちっ	4
元気	69
取り戻す	10
間違い	37
勝つ	35
戦い	20
急度	73
先程	9
見当たる	8
済む	50
たり	90
交渉	3
突く	11
さあ	74
セット	3
オン	2
広い	6
遣っ付ける	12
任せる	18
負け	6
御免	50
ふう	29
近付く	12
オマエ	31
ケンカ	14
ホノボーノ	9
機嫌	6
直す	17
オ	13
勝手	21
飛び出す	3
ウチ	7
嫁	2
迷惑	8
悔しい	4
取り付く	57
ジュワーン	3
詫び	2
男	21
好き	92
騒ぐ	3
仲直り	13
より	70
両親	5
アッツ	2
アツ	4
羨ましい	8
がる	20
戻る	74
一人	28
ぶつぶつ	2
父	87
夕飯	4
パパ	31
うふふ	7
仲良く	11
早い	144
洗う	5
ふあ	2
色々	44
如何なる	2
放つ	11
フミ	21
待ち合わせ	15
待ち合わせる	2
三角	6
決まる	22
レッツ	10
ゴー	7
出掛ける	19
てらっしゃる	5
大変	58
河川	28
敷	28
筈	151
謝る	20
約束	30
落ち込む	15
ふむ	39
告げる	5
理屈	2
ババーン	22
原因	16
バクロ	20
婆	53
者	53
全て	25
隠す	26
毎	11
狙う	8
ワ	24
面倒	22
臭い	29
考え事	4
ばらす	2
只	17
さえ	15
付き纏う	3
自信	13
心配	54
内	71
勉強	33
ヌ	14
きちんと	6
気まずい	4
旨い	64
侭	65
言葉	7
姉	87
取り付ける	2
ヒデポン	2
ずっと	27
態々	9
カッと	2
無事	17
素晴らしい	14
友情	11
雨	112
降る	4
地	10
元	33
有り余る	2
妖力	5
満ち溢れる	3
満ちる	6
たわい	5
ふん	25
成る程	41
歩く	17
サラリーマン	7
結界	37
漲る	4
上	20
局	9
向かう	15
そろそろ	41
必ず	17
明日	36
改めて	4
生憎	3
場合	9
坊や	4
えーと	26
ムムム	7
気配	16
ムダ	3
サマ	6
解く	9
誰	99
日	79
化ける	11
機会	3
窺う	2
世界	25
バレ	19
ちまう	38
仕様	37
御前	205
てく	23
公民	9
館	75
銀行	7
アレ	17
再び	8
封ずる	4
限り	4
我	20
読む	20
何故	22
用意	12
破る	3
回る	18
界	91
妖魔	49
無くなる	25
大	33
混乱	4
影響	7
受ける	22
戻す	12
確か	97
ビシバシ	2
パワー	8
間	52
それ	5
モ	3
モチ	21
んー	149
張る	9
ちちんぷいぷい	2
適当	6
呪い	12
消える	16
ちょちょい	2
細かい	6
モノ	23
他人	14
ヨコ	6
ドリ	9
サイコー	4
セイ	3
情報	33
答え	3
ビンビン	6
調子	29
強力	5
証拠	15
包む	2
だらけ	6
恐ろしい	9
ギョロローン	3
眠り	2
妨げる	3
ノハ	2
ギョロ	7
り	13
ウ	15
ミナ	2
振り	37
ノ	48
先ず	32
手始め	2
ニ	3
キサマ	9
はっ	21
ロ	2
助かる	48
一体	54
見掛ける	20
扠	28
宜しく	49
感激	2
閉じる	7
封じ込める	5
大きな	32
謎	9
今回	33
適う	3
御早う	4
顔	44
随分	12
ミツマタ	3
ヅチ	3
強化	28
屋	63
メガネ	3
チョーシ	22
堂	22
店主	14
取り持つ	2
開発	3
団	61
々	46
坂	56
駅	28
どれ	26
其方	13
まい	4
ワシ	60
世の中	10
社会	2
思い掛ける	3
客	48
引き受ける	8
但し	6
パーツ	4
歯車	7
ネジ	5
バネ	3
自転	36
受け取る	21
竹林	7
おんぼろ	10
屋敷	21
流離	17
荘	16
転がる	3
ノラ	2
溜まり場	2
進める	7
行き止まり	2
果たして	2
壁	5
実	67
カギ	33
入り口	12
ぴい	4
苦しい	3
バク	13
本来	4
悪夢	3
さっさと	9
下着	15
男湯	5
向こう	9
度	70
報告	43
せめて	7
ハッ	8
夢	35
起きる	27
美味しい	58
印	2
キラキラ	3
正しく	4
放題	5
一石	2
二鳥	3
使い	7
子	147
ヘーイ	2
ダ	18
ゼ	3
ゲット	9
ヨ	7
ユー	13
対する	2
ラブ	5
グッド	3
アパート	5
さすらう	12
ピース	3
ネ	2
管理	15
溢れる	4
ピッタリ	7
チョー	7
時々	8
サ	3
急ぐ	29
グッ	2
銭湯	20
勝負	44
無くす	14
代わり	20
忘れ物	12
昼間	4
営業	14
時間	102
終わる	57
出直す	2
店	86
留守	9
悩み	15
解決	35
吸い取る	4
抜け出す	6
親	9
ごまかす	7
付き	6
ラク	2
馳走	5
活躍	3
些とも	8
眠い	8
不思議	39
御腹	60
ムニャムニャ	6
行動	3
そっと	2
彼奴	45
鬼	44
追い掛ける	12
逃げる	24
駄目	62
追い付く	4
走る	8
扉	8
勘違い	3
気紛れ	3
少年	28
恐怖	4
幻	13
捕まる	18
出口	2
辿り着く	5
目覚める	11
変わる	48
途中	8
探し物	11
風呂	14
残念	35
ながら	21
放る	6
最高	46
カッ	4
ポーン	3
正体	16
非常	3
煩い	19
ゴチャゴチャ	2
履く	3
フンドシ	3
ダンサー	4
イヤ	23
俺	86
いや	6
捗る	3
渡す	33
改造	4
仏	2
精々	6
活用	2
ゴロウタ	6
情けない	2
息子	19
喜ぶ	34
言い訳	4
プロポーズ	7
贈る	5
指輪	43
どんこ	23
池	57
ウワサ	54
エサ	8
釣り	26
詳しい	14
丁度	34
妙	7
テンション	16
主	8
吊る	58
持ち出す	5
落とす	17
話す	26
遠く	9
ホント	33
強気	2
反省	12
可哀想	9
初めて	14
落ち込み	2
弱る	6
恩	7
売る	39
チャンス	6
重ねる	4
損	2
幸い	3
泳ぐ	26
得意	10
カッパ	19
思い付く	8
川	35
住む	46
見	4
皿	8
得る	22
フラフラ	4
テレビ	8
空	6
消す	10
目撃	10
慌てる	4
ガッパ	49
何者	4
大会	5
向ける	2
特訓	2
夢中	4
御飯	17
魚	53
腹ぺこ	2
動く	39
釣り竿	14
フナ	9
要る	26
普通	34
頼み事	4
限界	4
余程	3
減る	19
寿司	8
親切	3
礼	24
恩返し	2
泳ぎ	2
朝飯	8
味方	6
手伝い	9
大切	20
水飛沫	5
暴れる	2
資格	2
成敗	5
そして	25
禁止	5
飛び込む	5
驚く	13
燥ぐ	5
底	5
岩	5
引っ掛かる	4
一緒	69
カワイイ	3
一面	2
アイツ	23
びしょぬれ	2
安物	2
大袈裟	3
嫌	60
買う	111
どんな	29
同窓	4
会	10
番	15
人騒がせ	3
深まる	3
真相	2
着る	14
久しい	16
緊張	6
里帰り	2
楽しむ	25
旅行	12
会議	23
電車	28
書類	22
確認	12
日向	10
封筒	5
駅員	7
近い	17
願う	67
のんびり	4
兎に角	35
ピンチ	8
連絡	7
乗る	41
帽	29
ぽい	6
大量	2
ハテ	2
会社	37
目指す	9
油断	3
限る	9
階	37
エレベーター	16
間に合う	13
ヘラヘラ	5
させる	13
出会う	21
中央	47
慎重	4
進む	25
始める	26
ミス	7
プレゼン	3
散々	2
提案	4
都市	5
資料	10
サクラマチ	24
全体	7
ヘトヘト	2
駅前	5
八百屋	12
はて	3
ハァ	3
目茶苦茶	4
逃がす	3
信号	9
二	43
ギャフン	2
パン	42
到頭	8
遊ぶ	92
寂しい	15
色んな	21
とっとと	2
イタズラ	56
堪る	22
やれ	21
プレゼント	27
一生	8
甲斐	4
嬉しい	29
暮れる	4
爺	58
叱る	2
乗り心地	4
試し乗り	2
アイディア	3
フラワー	28
ロード	30
離れる	9
距離	2
サクラ	91
シティ	46
マンガ	22
雑誌	11
本屋	5
本	51
南側	3
どっこい	7
書店	6
店員	17
しつこい	7
ショッピング	2
モール	2
らしい	82
潰れる	9
断る	14
立ち退き	3
可笑しな	2
キツネ	12
守り神	3
神	7
潰す	5
理科	5
事件	29
今日は	24
タタリ	4
事実	3
ボヤ	3
事故	8
何れ	34
続く	15
クラスメイト	5
現場	18
マオ	20
買い物	14
火	16
建物	2
大人	24
絡む	3
陰	15
疋	11
医院	16
病院	31
フンイキ	2
全く	45
キュウビ	4
ナワバリ	6
荒らす	4
オシオキ	2
恐らく	13
ボウヤ	2
どころ	5
工事	18
出でる	13
バイ	5
意味	21
深	2
態度	3
被害	11
広がる	5
兼ねる	3
ロック	9
ランク	36
トビラ	5
開ける	13
方法	19
グスン	6
泣く	4
オラ	8
コマ	11
ズラ	24
神社	10
挨拶	11
ど	8
キュ	12
ウビ	11
連れる	51
櫓	7
がり	5
仕方無い	25
ァ	4
止まる	9
可笑しい	36
ミ	5
泣き虫	2
エスコート	3
褒める	5
癖	13
笑う	22
案内	3
さようなら	3
チビ	6
ぉ	36
あわわ	5
ははは	12
気味	32
ザ	2
正解	7
てっきり	4
察し	2
余計	8
真実	5
納得	9
一先ず	20
丸い	3
収まる	6
課題	4
共	20
同士	6
克服	2
未だ未だ	25
ふわ	2
早起き	2
新作	3
機	18
鏡	16
微風	27
ヒルズ	26
高級	5
住宅	7
街	32
益々	4
カン	19
頂戴	18
午後	2
昼寝	4
昼	27
博物	58
チケット	4
迎える	5
切れる	4
勿体	7
興味	20
たがる	5
教養	2
誘う	6
モテる	4
預ける	4
デート	12
小学	23
生	44
ふふ	9
ティラノサウルス	4
骨格	4
模型	4
恐竜	9
理由	7
特に	14
有名	7
隕石	2
チリ	5
太陽	5
光	3
系	4
壊す	6
寒い	18
然う然う	5
進化	9
風	12
出し	5
展示	21
室	61
教科	2
書	6
レプリカ	3
歴史	9
授業	3
科学	5
的	28
ロマン	4
向く	24
不向き	2
正直	7
理解	2
芸術	6
後世	2
アート	4
偉大	2
時代	7
当時	2
認める	11
楽しい	74
趣味	6
動き回る	4
大鎧	12
求める	3
秘密	23
とんでも	8
特集	5
幽霊	5
存在	9
未来	5
確かめる	9
序で	6
手分け	2
一番	40
しも	10
発見	6
頭	18
決まり	8
正面	4
出入り	2
口	21
古い	7
体験	4
トンネル	29
効果	5
雲外	4
魂	5
ツ	12
空間	2
繋ぐ	6
能力	6
落ちる	29
ぺろ	3
数	14
怪奇	8
現象	20
夜な夜な	4
考える	46
奇跡	2
多分	17
保管	7
庫	6
表	2
セキュリティ	8
解除	5
試す	6
遣る気	12
満々	2
抜ける	8
どうぞ	14
借りる	15
移動	4
通る	21
階段	8
バッチリ	14
仕掛け	4
如何に	2
鎧	5
チュー	3
ネズミ	2
非	3
品	9
解ける	12
過ごす	10
カリカリ	5
感謝	9
おー	16
話し掛ける	22
一っ飛び	2
便利	18
どんどん	18
纏める	6
ボディ	4
蛸焼き	3
金魚	2
掬い	2
音楽	8
ピアノ	18
鳴る	6
勝ち	7
聞こえる	41
流れる	6
当直	4
花火	16
上がる	18
屋上	12
キレイ	33
ラムネ	2
飲む	30
集合	4
ビビっ	10
通用	2
当番	4
探索	2
隠れん坊	4
匂い	10
攫う	7
捜し出す	3
助け出す	6
トイレ	15
道	25
行方	4
位置	2
アタシ	22
レディ	15
アバラ	6
抜く	13
骨	5
折れる	2
心当たり	6
教室	30
持ち帰る	3
預かる	2
彼女	42
組	2
結構	24
骨太	2
意外	16
喉	14
安心	25
夜更かし	4
ダーリン	5
ドア	2
音	16
下手糞	4
気付く	33
機械	8
壊れる	6
カレ	5
可愛い	32
台	4
演奏	6
図書	17
楽譜	9
曲	8
素敵	9
捧げる	6
立ち去る	7
従う	5
様子	56
切る	24
漸と	15
フッ	12
自動	13
詰まる	13
向こう側	3
別れ	6
惜しい	5
準備	46
化	2
男子	7
始まる	9
天気	14
残る	14
ぼんやり	3
異変	2
尋ねる	3
意見	2
手掛かり	9
感心	7
イマダ	2
似る	7
オカルト	5
見通す	4
水晶	17
玉	26
フシギ	3
正	16
天	20
ジャマ	8
竜	5
リューク	25
タダ	5
交換	18
ノコギリ	13
クワガタ	19
わあい	8
ペット	3
美しい	9
瞬間	2
感動	3
匂う	3
兎も角	3
嗅ぐ	6
村	7
相	10
受け付け	8
運	3
健康	20
診断	9
無料	3
サービス	13
得	4
ボス	8
診察	12
いざ	9
予感	7
身長	8
測る	6
背伸び	2
センチメートル	4
伸びる	7
背	3
視力	7
検査	5
アナウンス	5
流す	5
踵	2
ズル	3
昔	29
喜び	3
絵	12
ヒント	9
果物	2
バナナ	3
丸で	9
ゴリラ	8
並み	7
レントゲン	8
状態	7
第	13
歩	4
無視	5
き	7
からかう	4
短気	2
息	8
心臓	3
確り	13
飼う	12
院長	6
おっ	38
愈	8
検診	3
直接	3
まー	30
当たり前	7
オチ	3
幾	6
質問	3
例えば	5
ココロ	5
入れ替える	6
手術	7
リフレッシュ	3
素直	6
助け	2
不安	7
九	4
医者	8
痛い	13
最初	13
イカカモネ	14
魔界	6
議長	5
うっかり	2
叫ぶ	2
真	12
当て	2
モヤモヤ	3
映る	2
遂に	7
我々	8
イカ	22
立ち上がる	2
灯す	3
難い	17
ハッハッハッ	2
溢れ出す	3
両方	2
一旦	4
エンマ	15
黙る	7
バケ	3
後ろ	8
シャ	10
喋る	3
然も	16
らし	2
起こる	16
神木	5
運命	4
行き	2
懐かしい	13
様々	2
種類	6
慣れる	2
光景	2
其奴	9
希望	4
ずく	2
嘗て	5
大王	14
亡くなる	2
悪しい	2
野望	3
支配	8
イカカモネ・ソウカモネ	2
閉じ込める	3
望む	5
生まれる	5
王	5
のみ	3
なり	8
記憶	4
貸す	9
送る	4
責任	4
何せ	2
肩	6
任す	4
赤鬼	4
放り出す	2
因る	21
個	18
懶け者	2
腹	18
働く	38
ストーップ	2
番人	3
宜しい	7
答える	11
えい	9
ウソつき	4
大嫌い	2
緩い	2
自慢	9
黒	5
相応しい	7
見極める	3
戦闘	3
回	37
似合う	7
荒くれる	2
磨く	5
此の世	5
豆	2
ぶつける	6
弱い	3
修行	10
積む	3
イカーッカッカッカ	4
時点	2
新	11
初め	2
同じ	23
蘇る	4
我が	11
黒い	3
決して	5
ともあれ	3
三	12
食	5
生活	23
強大	2
スポット	8
ガ	13
オオ	5
覆う	2
残す	11
思い切る	3
現在	2
迷う	13
ヒマ	8
主人	15
元々	3
咲く	31
花	13
溢れ出る	2
足留め	2
ジョー	6
幸せ	7
異常	2
気象	2
失敗	14
復活	2
やがる	16
意地	9
ヒョロヒョロ	2
ちゃちゃ	3
くそ	14
キャー	6
最早	4
頂点	4
観念	3
生きる	12
脅かす	2
誇り	5
全	2
思い知る	4
覚悟	14
失う	3
後悔	7
最も	2
いいえ	5
出会い	7
暑い	62
ダラダラ	15
涼しい	15
いざこざ	2
名	12
ムゲン	5
地獄	9
世	2
正に	7
マル秘	2
金持ち	11
救う	5
若い	14
西	6
小さな	3
小屋	3
唯	21
ピーン	2
重要	3
風景	3
思い出	15
禍々しい	3
以来	4
訪れる	2
拾う	16
不	38
次第	5
ギンギン	3
乱れ	2
時空	4
引き締める	2
迷い込む	3
安定	2
ゴール	2
次々	2
冷静	3
願い	8
走り回る	9
結局	10
横丁	25
災難	2
廃	11
合う	9
操る	2
親戚	2
未	2
札	8
剥がれる	2
ムッ	5
ブ	11
むにゃむにゃ	9
回復	9
アイテム	9
ガシャガシャ	3
マシン	3
朝	7
更に	9
引く	9
挑戦	14
摩る	4
銀	2
金	47
輝く	4
キン	2
シェ	12
払う	13
賽銭	2
オイラ	13
錆びる	3
王道	2
ロクな	2
あいた	6
オシャレ	24
孵す	2
部下	3
青鬼	2
余裕	3
一髪	3
宝	10
アレレ	2
取り直す	5
弱点	2
ピン	2
フム	8
箱	2
参り	4
一日	12
キュッ	3
カラン	3
人数	6
野郎	4
足	31
鬼ごっこ	12
運動	10
不足	3
トロッコ	5
パターン	3
現実	2
襲い掛かる	2
油	2
差す	3
簡単	13
動かす	5
レバー	2
ナツ	2
いえ	13
教える	67
聞き出す	3
揃う	4
嫌々	6
直る	9
ふふふ	16
ドンマイ	2
敗北	10
文字	10
思い	2
食べ物	9
知らせ	9
盛り上げる	2
ヶ月	2
計算	3
カイ	2
記録	5
めでたい	9
更新	4
半分	4
感	6
一時	3
叶う	2
ギクシャク	2
ルール	6
バチ	3
当たる	19
懲りる	2
こら	15
女湯	3
男の子	25
清掃	2
青	3
渡る	9
交通	7
ゴ	4
すっ	5
ぇ	20
イガイガ	14
ほほほ	32
メシ	3
ぞい	7
食う	20
ジョーク	5
熱い	10
うひゃひゃ	5
ヒ	16
ヤ	17
ワタシ	8
愛	4
込める	3
宝物	6
ちぇっ	3
ほほう	10
ほれ	12
精進	2
勝者	3
天晴	3
褒美	28
しかと	3
腰	7
年寄り	5
久々	3
籠もる	6
贈り物	2
取り上げる	2
キッパリ	7
ムリ	31
分ける	3
うお	9
戦	4
ブーン	13
あはは	20
守り	12
カーッ	4
カッカッカッ	7
地下	15
滑る	3
闇	5
ハンパ	2
マジ	21
与える	2
武	7
極める	2
タケシ	3
堂々	2
鍛える	6
刀	42
斯く	2
ステキ	11
訛る	4
ライバル	2
暇	21
ハッハッハ	3
深い	8
縁	5
手合わせ	6
故	7
米	16
ふっくら	2
ケーキ	17
貴様	3
わし	60
何方	18
決闘	10
ふっ	2
馬鹿	4
敗れる	2
奇麗	32
ジメジメ	10
具合	4
ニオイ	2
締め	3
リンボウ	2
追い払う	20
ネガティブ	7
サボる	20
アッカンベー	12
カリー	5
撓	2
私服	2
握手	2
路地	17
アブナイ	2
ジミー	6
拙者	12
利く	4
気楽	4
保育	7
園	5
士	3
風邪	13
カブトムシ	12
残り	17
ほ	3
御握り	17
ウメ	6
乾く	10
あやかし	31
緑茶	22
紐	6
胃	2
茶	23
販売	11
満たす	2
マ	4
冗談	5
ナイス	7
はは	9
アイ	5
ニワトリ	13
羽根	2
校内	2
飼育	2
校長	8
交ぜる	6
カエル	3
解剖	2
図	2
体温	2
計	2
保健	9
野良犬	2
隠れる	30
コンブ	2
ワカメ	3
際	4
アイデア	5
有り	4
ほっ	4
踊る	6
攻撃	10
ダンス	18
通ずる	2
踊り	2
刺激	3
ドリアン	3
サトウ	3
快適	2
ライフ	4
ダイエット	19
頑固	3
ミカ	5
メグ	9
ノリ	18
アイドル	13
嫌い	12
笑顔	11
睡眠	2
努力	3
番組	2
我慢	10
大体	9
痩せる	22
おい	33
あう	2
つづ	6
僧	6
タイ	10
ヨー	5
軒	8
中華	8
止め	11
ハラペコ	4
腹拵え	2
ネタ	11
笑い	19
ウツボ	6
ワハハハハ	2
ツボ	4
ネコ	46
引っ掻く	3
ふざける	4
プ	8
きゃはは	2
逆	9
本人	5
空気	11
芸	12
彼処	35
ギャグ	4
才能	4
キノコ	7
先客	2
譲る	12
予想	3
パ	4
ヨカコーラ	25
オッケー	2
ドリンク	15
フルーツ	11
牛乳	28
コーヒー	2
ツチ	20
ノコ	22
ボロボロ	3
女性	16
探偵	17
破れる	3
ナゾ	21
勝利	4
御巡り	5
横取り	9
サカイ	17
マエダ	13
見張る	6
方向	5
疑り深い	2
餡	6
ブツブツ	5
味噌	9
醤油	5
豚骨	10
締め切り	3
記事	6
立派	21
師	7
ブシ	8
ブーム	4
ラーメン	62
杯	2
勢い	3
好み	12
バラバラ	3
内緒	7
オーケー	5
ゼッコウ	14
蝶	28
友	2
間違える	7
タイミング	2
組む	3
絶交	6
スランプ	2
ハズ	2
絶	8
好調	7
ウソ	4
意識	2
合わせる	6
恥ずかしい	11
コンテスト	5
優勝	4
家族	22
兄	30
全員	8
イトウ	12
ゴクリ	3
水筒	18
東西	2
生き返る	2
命	5
件	18
落着	14
橋	7
駄	34
菓子	40
キュウリ	4
弁当	17
暗号	4
退く	8
障る	3
チャッ	2
チャ	5
スーパー	17
ノリノリ	3
ギス	3
前向き	2
はる	6
濃い	4
学習	7
塾	28
ダラ	7
ダラケ	12
新人	11
ゲホッ	5
ノド	5
メチャクチャ	2
歌う	29
痛める	2
娘	15
ウーロン	9
コレ	18
打ち勝つ	2
カベ	11
頼み	10
形	10
現われる	7
高校	17
電話	13
たる	22
テキトー	2
ぅ	9
騒がしい	5
部長	3
事情	4
ロビー	3
玩具	6
試験	18
仕置き	2
正気	4
ビル	26
人生	14
繋がる	18
電波	14
構内	2
隈無く	2
でん	3
ぱく	9
小僧	8
亭主	6
好き嫌い	4
北風	5
トゲトゲしい	2
疑う	7
抑	10
プラン	2
業績	2
取り引き	4
残業	6
纏まる	3
イケる	3
仕事帰り	5
カラオケ	5
学生	4
少ない	20
ワル	12
ハル	9
ヒコ	9
グレる	12
燐	10
度胸	6
ゴラァ	3
根性	5
ジャングル	16
ハンター	15
夏	23
満喫	5
センター	11
少々	2
イライラ	3
洒落	6
っこ	8
婦人	6
流行る	6
ファッション	14
ジャケット	3
地味	6
特別	9
イイ	16
最悪	6
似合い	3
勧める	2
服	16
売れる	5
其々	3
コーナー	7
サトコ	2
海	32
眺める	4
マイ	6
クラス	5
空地	2
横道	2
チャレンジ	3
毛	4
カフェ	16
彼氏	15
モグモグ	14
バーガー	17
花見	10
団地	30
南	7
ガマン	6
汚い	4
バケツ	4
ボトル	2
ノガッパ	2
捨てる	11
前回	2
さっぱり	6
胡瓜	7
本音	3
ミチクサメ	2
自家	2
製	2
浅漬け	2
味わう	3
キ	7
偉い	12
ジジイ	3
トリカイ	7
作業	10
ワクワク	8
ポケット	4
無駄遣い	4
タク	2
一通り	2
マネージャー	7
掴む	4
芸人	10
ダダ	3
スベリ	4
途端	2
相当	3
問答	2
無用	2
楽	8
エンジョイ	2
引き籠もる	4
勘	4
告白	5
隣り	16
休憩	7
親方	3
運ぶ	3
荷物	6
やす	2
バリバリ	3
もぐもぐ	2
ガツン	3
レバニラ	21
頼り無い	3
忽ち	2
力持ち	4
余る	2
筋肉	9
痛	4
ポエム	2
きっちり	2
中身	2
既に	4
漸く	8
大家	9
家賃	6
集	2
プレーン	4
リング	10
赤い	12
宝石	13
ルビー	5
嵌める	2
土俵	3
ゴワス	7
無念	2
フジ	4
すっきり	6
ハーブ	8
甘い	6
上流	2
稽古	5
星	10
スナック	17
ゆき	10
常連	2
全国	5
旅	9
センボン	2
場	7
教え込む	2
連れ去る	8
ケン	4
砂山	2
ワレ	9
段	3
解散	5
決意	2
水	12
プール	45
怪	11
経つ	8
周辺	3
ナメ	3
鳴り止む	2
へへへ	7
食事	5
暫く	14
ナンパ	5
ゲ	4
とる	37
うひゃ	3
ひゃあ	7
ネクラマテング	12
念	3
迎え	2
健診	3
定期	3
血圧	2
万事	3
ハイ	5
噂	30
明ける	3
掲示	2
板	3
プロ	7
マイド	3
ポスター	2
ブロマイド	9
細波	22
大した	8
オタク	3
情熱	3
最新	6
めっけ物	17
マニア	6
鱶	5
漢方	8
肉	5
特上	8
肉屋	4
サカエ	8
スタミナム	7
完了	4
体調	2
ゴミ	7
海岸	3
沿い	6
ゴミ拾い	10
地域	2
オフィス	12
ゲキ	3
プラモ	5
ガラ	2
てまえ	4
コラ	8
プラモデル	9
大喜び	2
永遠	5
僅か	2
手形	5
段々	4
マンネリ	2
唸り声	3
達磨	13
位	17
説教	4
タ	3
結果	7
カンタン	2
クイズ	5
所謂	5
択	6
サンタク	8
老師	8
のう	16
ついつい	7
突然	7
スペシャル	6
アルバム	2
手編	4
マフラー	4
誤る	2
ラスト	2
アンサー	2
ドキドキ	4
耐える	4
和やか	3
さてさて	5
瓢箪	17
掃除	17
アイス	10
冷たい	7
日焼け	4
踏ん張り	2
ヤル気	5
昵懇	2
固まり	3
メラメラ	9
イオン	10
炎	3
主婦	6
生き甲斐	3
汚れる	6
熱心	3
ピカピカ	3
参加	11
立ち所	2
調べ	9
水分	4
補給	2
小まめ	2
後輩	5
モテモテ	7
モテマクール	8
参上	2
クール	2
イケメン	5
セールスマン	6
目茶	9
カッコ	3
モテ	2
可愛らしい	2
セールス	4
にて	3
モテモ	4
イヤリング	21
小さい	10
リリィガーデン	3
思い当たる	2
妹	8
必死	3
ドロップ	3
缶	3
埋まる	3
タイム	9
カプセル	9
引っ張る	14
溺れる	5
カシマ	15
ホシイ	5
冷める	5
悪	6
飽きる	13
タイプ	4
首	5
カブト	6
蹴る	8
生首	12
リフティング	6
超絶	4
シュート	4
見舞い	6
ヒビ	2
ボール	20
役	15
ヘ	3
ヘディング	2
体育	6
設ける	2
賑やか	11
ささ	7
タチ	4
連中	2
仕切る	6
蛇	5
料理	19
苦労	10
愉快	3
アッパレ	2
小童	5
今宵	2
趣向	2
有り難い	6
宴	21
存分	4
盛り上がる	7
御所	13
野良猫	4
コイン	2
ランドリー	2
荒れる	3
依頼	15
名刀	13
在処	3
拙僧	2
骨董	4
却って	2
嫌う	3
へん	12
長話	3
ホンマ	5
ズバッ	2
ほな	11
職員	10
悩む	4
方々	5
神隠し	9
追い出す	4
マント	5
雪	2
乗り越える	2
ガクガク	2
ブルブル	4
合成	28
茹で卵	4
髪	7
キュート	2
あい	2
ガビーン	2
白粉	2
真っ白	4
白い	21
向き	3
シワ	4
ビビら	5
邪心	2
ビショビショ	2
意気	2
今後	4
己等	5
油揚げ	3
ブゥオオオオー	2
チカラ	2
鈴	2
ゴク	3
上位	2
伝説	9
ぎりぎり	2
懲り懲り	3
尽くす	4
嘘	10
粘る	3
今更	5
祭り	26
土産	8
力比べ	3
実力	3
考え直す	2
遊び	7
立ち寄る	4
落ち着く	17
すっかり	7
退屈	6
地元	2
記念	2
懲らしめる	11
怠い	19
ダル	3
ブブブブーン	2
ネガティブーン	3
ひもじい	4
縞	4
バイト	17
版	2
厳しい	8
サッカー	21
バンバン	2
ウオ	2
様変わり	2
想像	3
うんと	2
宿題	24
早め	2
格好	12
散歩	18
用事	8
よる	2
御数	14
影	5
勇気	9
バス	16
遅れる	7
生徒	7
思い切り	3
ブランコ	6
現代	5
御袋	2
味	14
ヨロズ	13
マート	12
静か	20
落書き	2
描く	5
徒歩	3
花屋	3
結婚	7
ミャーオ	2
ニャオ	3
ナーゴ	4
ワン	16
ラ	2
凶悪	2
裏山	3
汗	5
拭く	2
エアコン	4
遅刻	3
ストア	2
薄暗い	8
見習う	6
勘弁	2
一服	2
厚い	6
試し	5
旦那	9
キロ	16
ヤバい	7
粗々	2
隣り町	2
川辺	2
引っ越す	8
パトロール	13
雲	4
貯金	5
今夜	4
流れ	3
振る	17
水嵩	2
増す	3
グル	7
外国	2
ロボット	3
斜め上	2
東	6
休み	18
トノ	2
バッタ	3
茂み	6
彷徨く	2
オープン	3
手紙	5
時期	6
逃す	3
状	2
今頃	2
寝惚ける	2
好物	5
迷子	11
ニャーニャー	2
ニャウー	2
票	5
でかい	13
委員	2
花壇	4
手入れ	9
覗く	4
スタイル	6
化け	20
ズボン	3
台風	2
季節	7
人通り	5
掻く	4
雨乞い	3
草	7
倒れる	3
本格	2
濡れる	2
歌	6
べい	33
キンキン	5
冷える	6
増水	2
止む	5
来週	2
誕生	6
カップ	5
竹	2
差さる	3
大通り	2
台無し	2
あちゃ	7
バト	4
雰囲気	7
晴れる	3
魚良	2
極く	2
マグロ	5
絶品	2
奇妙	4
ウォーキング	4
家出	2
夜中	15
日本	2
ヒビキ	2
角	2
上る	4
滝	2
出歩く	11
立てる	3
代	3
温泉	3
霊感	3
参考	3
夜釣り	5
夜食	4
温かい	4
夜風	4
活気	7
近所	3
セール	2
太る	8
自体	2
隙	2
バランス	3
サンドイッチ	4
めっきり	2
都会	8
ピーマン	6
挟む	2
まじ	5
やばい	5
和尚	10
海釣り	8
ひょっと	2
犬	7
狐	3
商店	27
独りでに	4
人違い	2
攻める	2
下水	3
施設	4
大昔	2
牛耳る	3
御洒落	6
雨宿り	2
立ち読み	4
ガキ	2
緑色	3
晩	3
働き詰め	2
涼む	2
草抜き	2
仕舞い	2
サンタ	2
経営	3
コピー	4
ビ	7
尻尾	2
欠き氷	5
カレー	9
今年	9
不良	3
欠かす	6
看板	6
浴	2
夏祭り	44
林檎	3
飴	12
浴衣	2
生える	7
ケタ	2
セパタクロー	2
選手	2
ギョーザ	3
此の方	2
豊か	2
無駄	4
擦る	2
停	2
魚釣り	4
文句	4
観察	5
ゴロゴロ	4
ニャーゴ	3
仮	4
テキスト	3
らん	4
今晩	2
画面	3
変える	4
部	2
校舎	5
棟	5
活動	2
制限	14
苦手	10
今晩は	12
クビ	2
一家	2
上品	2
外出	3
瞑る	6
焦る	2
図星	2
来年	8
フミカ	3
ケガ	3
圧巻	2
キャッチ	2
こだわり	2
限定	3
ボリューム	5
クリーム	5
ふわふわ	2
唯一	2
固い	7
打つ	3
買い取る	2
クリーミー	2
滅多	2
当たり	2
芯	2
令	2
間近	3
気合い	10
ジュース	21
樫	3
贅沢	2
巨大	3
合体	5
圧倒	2
金欠	3
ソウル	7
がかる	2
メイ	2
作戦	2
スケジュール	2
日間	2
チェック	2
相談	7
利用	9
子豚	2
各種	2
支払い	2
預金	2
口座	2
開設	2
コード	10
読み取る	3
窓口	10
給料	5
ヨウ	2
増やす	2
株	3
ガン	3
パスワード	7
入力	3
キャンペーン	2
縫い包み	3
緑	2
晩御飯	5
カメラ	2
断然	4
ハー	4
ショップ	2
土	4
ずつ	7
魅力	4
真面目	8
補習	5
精	3
数字	2
経験	3
実験	8
囲む	2
コケ	3
不味い	3
バスケットボール	3
バスケ	6
クルック	5
改札	2
個性	2
親父	2
頑張り	3
買い出し	2
めんどい	2
狭い	4
運転	2
毎回	4
真上	2
チャリ	3
真剣	5
景色	3
峠	2
歩道	2
眺め	2
価値	4
ヒソヒソ	4
盗み聞き	2
火の玉	2
錆	2
よっしゃ	2
テン	14
ガム	12
驕る	2
最低	2
継続	2
足腰	2
ビーチ	8
湯煙	4
不便	3
我が家	2
練り	8
水道	14
締める	3
孫	3
秋	3
ナー	9
どうせ	10
尚更	3
ナゴ	2
カワシマ	3
キュン	2
笑い声	4
溝川	2
物音	5
交番	2
ホーム	4
金色	4
チクショー	5
風呂上がり	8
ぴん	10
墓	3
立ち入る	3
経	3
穴	5
向かい	3
金網	2
凝る	2
クマシマ	3
ドラ息子	4
家庭	2
重い	3
ストレッチ	2
ほっぽる	2
汚す	2
突き立つ	2
セリフ	3
将来	6
弟子	3
入り	2
引っ付く	2
晴れ	2
スイーツ	3
フィッシング	3
ワールド	3
月	6
号	10
宴会	3
湯	2
糖分	2
ぐび	2
高め	2
色	6
貧乏	5
大学	3
カタ	2
因み	8
スカウト	2
メニュー	2
エリート	4
企画	3
ビジネス	11
社員	3
座る	8
上司	2
きり	4
帽子	6
浮かぶ	7
遠い	3
完成	2
クギ	2
ド	5
ハンバーガー	7
憧れる	3
地面	2
サーフィン	5
セレブ	6
知り合い	6
仮病	4
駄洒落	4
叩く	3
見学	4
生き物	9
イルカ	8
見逃す	4
赤	2
ドン引き	3
島	4
タクシー	9
ボロッ	2
パーッ	2
黄色い	2
卵	4
内容	7
ヨロシク	3
一気	2
おおい	2
一休み	5
成功	6
ナイト	2
波	6
ぐっ	3
福北	4
ずぶ濡れ	2
ビジネスマン	5
海沿い	2
綱	2
じめじめ	11
座	2
ざあ	2
恋人	3
ベンチ	5
ネット	4
つい	15
長居	3
混む	2
本物	4
ばっちり	2
成績	9
ンな	2
気の毒	2
キタカゼ	4
潮風	5
フ	3
鼻歌	3
買い	4
しんどい	4
受験	6
妻	2
サボっ	6
クレーン	6
景品	3
放く	2
流行	3
カラフル	3
程々	2
コンボ	2
卒業	2
桃色	6
レディー	6
達成	3
ポテト	5
へにゃ	2
ガンガン	3
席	2
片付ける	3
ふにゃふにゃ	2
派	7
氷	4
アルバイト	5
代表	2
接客	2
脂っこい	2
薄い	6
オレンジ	3
患者	3
予約	2
病気	2
看護	3
細い	2
終了	2
ツン	4
戦争	2
イマイチ	2
秒	2
薬	4
性格	13
女子	3
住人	4
呪う	2
各	2
一目	2
追い追い	6
落とし物	4
飛ばす	4
ムフフ	2
苦情	5
携帯	3
今時	5
野菜	8
祟り	8
通勤	2
麺	3
バイト先	2
通行	4
菅	2
外食	2
肝試し	7
どば	2
嘉美	6
ニュース	2
トク	2
屋根	2
ゲーセン	4
伝わる	2
八百	2
空き部屋	3
目立つ	4
人体	3
線路	3
アンドウ	3
洗濯	5
安い	3
びっ	5
溜める	2
暇潰し	4
傘	2
真っ白い	2
伯母	3
発売	2
掌	2
カリスマ	12
揃える	2
近道	3
メモ	3
一応	6
エビ	6
魔法	3
大戦	2
カード	6
店長	2
鳥	17
天使	3
絵本	2
話題	3
焼き肉	2
小遣い	7
掘り出す	3
漂う	2
スープ	2
染みる	2
大盛り	3
チャーシューメン	2
鉄板	4
ススメ	5
続き	3
商品	17
タイヨー	3
腫	4
敢えて	2
小食	2
カニ玉	2
新鮮	2
周	3
当館	2
目玉	2
全身	2
老人	4
トリケラトプス	3
ドラマ	2
殆ど	5
這う	2
でーん	2
歓迎	2
像	3
羽	2
越す	5
ボート	8
小説	3
一流	6
ジョギング	2
ケチ	7
見所	2
バイオリン	4
レッスン	3
ドロボー	6
パタッ	2
憩い	2
風流	2
基地	4
賛成	2
映画	2
白鳥	2
マンション	2
及ぶ	2
仮令	2
値段	2
弱気	2
焦げる	2
漕ぐ	2
暮らし	2
賢い	6
扱う	4
各地	2
複数	2
返り討ち	4
響く	2
離す	7
ららら	3
明るい	6
真ん中	2
乃至	2
ォ	2
サブ	32
クエスト	52
ウフフフ	4
フフフ	28
調査	3
巻き込む	3
ミステリアス	3
筋トレ	4
提出	2
偶然	2
クックックッ	28
不明	5
アナタ	9
顔色	2
妄想	6
ガーン	2
グラウンド	6
ぎゃあ	3
所詮	3
取って置き	5
驚かす	2
新た	4
閉じ籠もる	5
ペコペコ	4
シオリ	2
ズルズルッ	2
鼻水	5
だっ	2
塁	2
埋める	10
図々しい	2
ぺこぺこ	2
背中	3
ステップ	5
ヨコドリ	2
キライ	7
うぬ	2
打って付け	3
加える	4
ズルズル	3
園内	2
近頃	4
怪人	7
三十	5
面	7
下がる	5
楽勝	3
けっ	3
上手	2
今一	2
やい	7
どや	4
付き合う	8
ねん	30
見守る	2
恐れる	2
対戦	5
浮く	2
都合	3
いやはや	2
悪魔	2
ワイ	6
すら	2
傑作	2
最終	3
ピキーン	2
放り込む	2
中止	3
買い食い	3
けしからん	3
ケータイ	11
相撲	3
飲ん兵衛	4
ヤバく	3
メール	2
飲み物	4
自販	4
長閑	2
沸く	3
逃げ隠れ	3
キツイ	5
どひゃ	2
ガラクタ	2
ッス	4
アイヤー	2
アル	6
フォー	2
ダンシング	3
生かす	2
焼ける	4
カッチョ	5
バッジ	6
カッチョイイバッジ	2
アーチスチック	2
だあ	5
スター	3
サカナ	3
ニャニャニャッ	2
式	2
夜桜	4
満開	4
ピンク	2
社	2
はん	3
ゲホゲホ	2
用心	4
舞踊	3
ばばーん	3
ババァ	2
アッカンベーグル	2
思い詰める	2
表情	7
任務	3
耳	2
月日	2
ほうほう	2
手渡す	6
アカ	4
稼ぐ	4
敬虔	8
メンド	6
ウロウロ	2
待ち構える	2
ソラ	2
ウヨウヨ	2
レベル	8
アップ	12
熟す	3
ざっくり	3
ダイ	2
タメ	3
短い	4
電源	4
ゴミ捨て	2
焼き立て	2
むしゃむしゃ	5
あは	4
ミー	7
ベイ	2
ベー	2
エキサイティング	2
イェイ	2
考え	2
遠慮	5
ソウルフル	2
コソコソ	2
見回る	2
誤解	2
ギクッ	2
ナイショ	6
出場	2
予定	2
ぴったり	2
木々	3
ガシャコイン	4
持ち物	2
整理	2
インターネット	3
ダウンロード	2
受信	8
通信	20
規約	3
同意	3
キャンセル	3
登録	14
追加	2
データ	6
届く	5
激写	4
族	11
好感	2
仕入れる	2
水槽	2
ズレ	2
祈る	2
黒目	3
サンキュー	5
逃げ出す	3
見捨てる	3
尻	2
ヒミツ	3
経由	24
ドンドン	3
指導	10
キッチリ	3
損する	2
カラカラ	3
バラし	3
言い触らす	2
根拠	3
フンフン	2
どす	2
ベンケイ	11
アツアツ	2
材料	6
バラ売り	2
然様	2
エサ場	2
輩	2
コレクション	3
食い物	2
ドス	3
コーイ	3
割る	2
キョ	2
カゲ	3
ロー	3
人前	2
幸運	2
点数	11
とも	2
割	2
立ち入り	2
九十	2
四	2
成就	2
遣り直す	2
肴	3
トリ	7
明かり	2
日々	2
追い求める	2
申し込む	2
ダルい	4
オサン	2
駆る	2
ツヤ	2
やん	5
シバシ	2
モットー	2
探検	4
会場	2
仕える	2
呆れる	4
くい	3
面目	6
人手	2
ウナギ	2
只者	2
晒す	2
一芸	2
披露	11
成す	2
俳句	2
摘み食い	4
食い	2
完食	2
綾取り	2
ややこしい	2
証明	2
持ち主	2
己	2
クリア	3
ノラネコ	3
ガハハ	9
怖じ気	2
デシ	2
ョ	4
擦れ違う	22
メーン	2
ルーム	3
保存	3
操作	3
ソフト	2
ボン	3
放し	5
財布	2
盗む	3
下す	2
その	3
汁	3
真夏	2
陸	2
反対	3
川沿い	2
おっちょこちょい	2
碑	2
らむ	2
空き巣	4
戸締まり	4
宅	2
不祥	2
事案	2
ぱっ	4
住民	2
優柔	2
不断	2
此の間	2
潮	2
先輩	2
オハナ	2
ミサイル	4
門	2
川原	2
同僚	9
悪戯	2
古今	2
凄腕	3
コレクター	5
攻略	4
一言	3
迷宮	2
貴重	3
究極	10
素質	2
剣士	2
邪悪	4
カエセ	3
武者	2
ガウ	2
タナー	2
ニャーオ	2
どんがら	2
雷	2
派手	2
絶望	4
メデタシ	2
ペン	2
取っちめる	2
ビシッ	4
トレーニング	2
通路	2
合格	2
細道	2
カッコウ	6
藤	2
強敵	8
グラグラ	2
高	4
冒険	3
最大	2
冴える	2
スゴい	2
ごちゃ混ぜ	3
生み出す	2
ホラー	2
ワルい	2
根	2
警察	7
ヒャッホー	2
気絶	3
生卵	2
山葵	2
滑らか	3
ウケ	6
深刻	2
ビッグ	2
ギ	5
リ	2
クワガ	2
バチコーーン	2
土地	2
入手	2
抜け道	2
不幸	3
蔓	2
カモ	3
我が儘	2
蚊取り	2
線香	2
連続	4
リアル	2
傷付く	2
順位	4
洋服	5
ダラけ	2
ショート	2
浜辺	4
コーネル	2
サンダー	2
捏ねる	5
秘める	2
口当たり	2
一口	4
ボディー	3
新入り	2
力仕事	2
監督	2
スタミナ	7
目当て	3
美人	3
ファン	2
問	3
ピコピコ	3
ポイ捨て	2
期	2
宙	3
ウッソー	2
キャ	2
ジョーダン	7
物欲	4
今月	2
坊主	2
ガーデン	3
一遍	2
エ	2
えへ	3
ツラ	2
ソローリ	3
濡れ衣	3
ヨウダ	2
手短	2
小型	2
括る	2
呼ばわり	2
逃走	2
重視	2
特化	2
ステータス	2
選抜	3
任せ	2
化粧	2
探る	3
黒み	2
ヨーカ	2
トクイ	3
アー	2
ヨーカーイ	2
ロマンティック	2
ファンタジー	2
国	2
妖精	2
学ぶ	2
とことん	5
マイク	2
男性	4
ゾ	3
ケ	8
テッペイ	2
ごちゃごちゃ	2
注文	4
些か	2
触る	2
クツ	3
クスリ	2
繰り返し	2
一人前	2
シャッ	3
キーン	3
凹む	2
ギン	2
番手	2
ドウドウドウ	2
ハハ	2
モラ	2
ランド	2
遊園	2
ヌっ	2
オシャレンヌ	2
在庫	2
割り込む	2
仄々	2
好き勝手	2
パクパク	3
アンテナ	2
故障	2
バッグ	2
余	2
ぼー	31
ハズレ	2
ツイ	2
足音	2
引き籠もり	3
ババァーン	3
ひひひ	2
アツく	4
腹筋	2
竦む	3
討伐	4
腕試し	2
チダ	3
売り出す	2
基本	2
気侭	2
クセ	3
来店	2
ギョ	3
しゅっ	2
アクマ	2
シュ	2
タイマン	2
厄介	2
ツンツン	2
スヤ	2
フー	2
ワープ	5
葉	2
飾る	11
化石	5
古代	2
桶	2
小物	2
模様	2
並べる	2
徳利	2
片方	3
万歳	2
オブジェ	2
カンサイ	6
弁	6
離れ	2
判断	2
そこそこ	3
ペチャクチャ	2
信用	2
ツル	3
バディ	2
盗賊	2
扱き	2
エエ	3
ソ	7
イヤー	7
ベローーーン	2
摘み	35
ぐい	2
すけ	2
ツマ	2
色白	2
スベスベ	3
肌	3
干し柿	4
知恵	4
野外	2
ライブ	10
デビュー	2
シリーズ	2
モデル	2
商談	5
ウマく	4
打ち破る	2
あん	2
早送り	2
降参	2
超常	3
ガガ	2
トロフィー	4
イッパイ	2
ゴルニャン	2
ゲンキ	3
アリガト	2
モウ	2
チョット	2
ゲル	2
